,0,1,2,3,4,5
0,1459407624000,10.71,10.75,10.64,10.64,41838792
1,1459494024000,10.62,10.69,10.5,10.66,36934188
2,1459839625000,10.62,10.81,10.5,10.7,59230864
3,1459926028000,10.68,10.75,10.61,10.72,43525954
4,1460012427000,10.72,10.73,10.59,10.59,37771959
5,1460098823000,10.55,10.67,10.5,10.57,37655386
6,1460358025000,10.6,10.8,10.6,10.72,78638602
7,1460444426000,10.7,10.71,10.62,10.67,29859954
8,1460530825000,10.73,10.97,10.71,10.81,85676036
9,1460617226000,10.88,10.9,10.79,10.84,32364630
10,1460703624000,10.84,10.94,10.8,10.88,49722404
11,1460962822000,10.82,10.85,10.73,10.73,35065401
12,1461049224000,10.77,10.81,10.71,10.77,21823994
13,1461135625000,10.77,10.78,10.36,10.52,60658625
14,1461222025000,10.52,10.63,10.45,10.51,55879920
15,1461308422000,10.46,10.62,10.41,10.55,35967712
16,1461567625000,10.56,10.56,10.42,10.5,34925775
17,1461654023000,10.48,10.6,10.46,10.59,29169938
18,1461740424000,10.58,10.61,10.52,10.57,23955393
19,1461826826000,10.58,10.76,10.54,10.66,45746041
20,1461913224000,10.64,10.64,10.55,10.57,40497767
21,1462258824000,10.58,10.72,10.52,10.68,48910210
22,1462345225000,10.68,10.75,10.66,10.72,41243559
23,1462431624000,10.69,10.72,10.65,10.72,23951683
24,1462518024000,10.73,10.73,10.52,10.52,34654514
25,1462777205000,10.5,10.53,10.32,10.35,41117102
26,1462863607000,10.34,10.37,10.27,10.28,29259978
27,1462950010000,10.3,10.44,10.3,10.37,32728951
28,1463036425000,10.31,10.4,10.25,10.38,32588550
29,1463122805000,10.35,10.4,10.33,10.35,18426611
30,1463382004000,10.32,10.36,10.25,10.36,21522468
31,1463468410000,10.36,10.37,10.24,10.3,25042422
32,1463554813000,10.29,10.32,10.17,10.3,53415062
33,1463641212000,10.27,10.32,10.25,10.25,17077776
34,1463727610000,10.24,10.33,10.19,10.3,20670377
35,1463986806000,10.33,10.34,10.25,10.28,32364676
36,1464073211000,10.27,10.28,10.19,10.21,25929404
37,1464159611000,10.25,10.28,10.19,10.23,20423540
38,1464246011000,10.22,10.27,10.17,10.22,26139653
39,1464332412000,10.22,10.29,10.19,10.27,22281892
40,1464591605000,10.25,10.28,10.2,10.28,38094687
41,1464678005000,10.26,10.57,10.26,10.55,94646716
42,1464764411000,10.51,10.55,10.44,10.48,55675091
43,1464850810000,10.47,10.48,10.42,10.46,29303622
44,1464937224000,10.47,10.52,10.41,10.5,42338929
45,1465196410000,10.51,10.53,10.45,10.51,33833201
46,1465282812000,10.52,10.53,10.48,10.52,22928215
47,1465369211000,10.54,10.54,10.46,10.5,26818824
48,1465801233000,10.46,10.47,10.33,10.33,34481683
49,1465887611000,10.34,10.41,10.32,10.4,27363726
50,1465974029000,10.33,10.48,10.32,10.44,37817241
51,1466060409000,8.57,8.6,8.53,8.57,38667008
52,1466146812000,8.57,8.61,8.54,8.58,31517300
53,1466406010000,8.59,8.6,8.56,8.6,27073158
54,1466492410000,8.61,8.65,8.58,8.61,38074985
55,1466578824000,8.6,8.73,8.58,8.73,47800201
56,1466665210000,8.67,8.7,8.63,8.66,33561422
57,1466751610000,8.64,8.7,8.52,8.57,42766409
58,1467010811000,8.57,8.64,8.54,8.61,32521418
59,1467097210000,8.58,8.64,8.56,8.63,33651928
60,1467183610000,8.63,8.69,8.62,8.69,36961156
61,1467270010000,8.69,8.74,8.66,8.7,36220487
62,1467356409000,8.69,8.73,8.68,8.71,34893019
63,1467615628000,8.69,8.86,8.67,8.81,60825712
64,1467702010000,8.8,8.83,8.77,8.81,42203729
65,1467788409000,8.8,8.82,8.76,8.79,32295017
66,1467874811000,8.79,8.8,8.74,8.78,31285308
67,1467961229000,8.79,8.79,8.73,8.74,26134229
68,1468220415000,8.75,8.79,8.74,8.75,36537252
69,1468306811000,8.75,8.89,8.74,8.88,71183240
70,1468393206000,8.88,9.05,8.86,8.99,79828864
71,1468479611000,8.97,9.0,8.91,8.94,35969939
72,1468566011000,8.95,9.0,8.91,8.99,35203395
73,1468825210000,8.99,9.08,8.97,9.04,50693492
74,1468911609000,9.04,9.05,8.95,8.97,36278781
75,1468998011000,8.96,8.99,8.95,8.96,31092641
76,1469084410000,8.95,9.01,8.95,8.99,34026127
77,1469170810000,8.99,8.99,8.92,8.94,29554964
78,1469430010000,8.93,8.98,8.91,8.98,26468286
79,1469516411000,8.97,9.12,8.97,9.11,54655692
80,1469602809000,9.12,9.17,8.91,9.01,81867834
81,1469689211000,8.98,9.11,8.97,9.08,47991038
82,1469775611000,9.08,9.24,9.03,9.2,67142534
83,1470034810000,9.18,9.34,9.17,9.28,75932441
84,1470121228000,9.24,9.26,9.17,9.25,44916516
85,1470207611000,9.21,9.22,9.15,9.18,42462218
86,1470294010000,9.17,9.18,8.93,8.99,134446207
87,1470380412000,8.99,9.07,8.95,9.04,72594819
88,1470639611000,9.04,9.11,9.01,9.11,39847930
89,1470726011000,9.09,9.15,9.07,9.15,41567631
90,1470812426000,9.15,9.18,9.12,9.14,43665545
91,1470898810000,9.14,9.35,9.13,9.22,93557601
92,1470985211000,9.2,9.53,9.18,9.5,137002155
93,1471244411000,9.55,9.8,9.51,9.68,189755226
94,1471330811000,9.68,9.68,9.46,9.52,109955862
95,1471417229000,9.52,9.6,9.48,9.55,56072536
96,1471503610000,9.56,9.59,9.43,9.5,69150431
97,1471590010000,9.49,9.52,9.43,9.51,50533453
98,1471849212000,9.5,9.51,9.36,9.4,97943273
99,1471935602000,9.38,9.45,9.37,9.4,89065673
100,1472022002000,9.41,9.43,9.38,9.43,73228127
101,1472108401000,9.42,9.45,9.34,9.44,61738960
102,1472194801000,9.45,9.47,9.4,9.45,50223385
103,1472454000000,9.41,9.45,9.38,9.42,56523188
104,1472540401000,9.42,9.47,9.41,9.47,59508123
105,1472626800000,9.46,9.5,9.43,9.49,48974676
106,1472713201000,9.49,9.52,9.42,9.45,48013121
107,1472799602000,9.43,9.46,9.42,9.45,36879633
108,1473058801000,9.46,9.46,9.4,9.42,46993656
109,1473145201000,9.42,9.43,9.36,9.41,57473833
110,1473231600000,9.41,9.42,9.37,9.4,45937329
111,1473318001000,9.39,9.42,9.38,9.4,29521845
112,1473404402000,9.4,9.43,9.36,9.38,32743143
113,1473663603000,9.29,9.32,9.13,9.16,75658173
114,1473750002000,9.18,9.21,9.14,9.19,46093142
115,1473836402000,9.17,9.18,9.05,9.06,42148125
116,1474268402000,9.05,9.14,9.05,9.12,35434870
117,1474354802000,9.12,9.12,9.04,9.08,43667897
118,1474441201000,9.08,9.1,9.03,9.08,40566533
119,1474527602000,9.1,9.18,9.09,9.16,49461323
120,1474614001000,9.16,9.19,9.14,9.15,28879877
121,1474873202000,9.13,9.13,9.04,9.04,43948186
122,1474959601000,9.04,9.07,9.01,9.06,40132367
123,1475046002000,9.06,9.06,9.03,9.05,27136600
124,1475132402000,9.05,9.08,9.05,9.06,30366429
125,1475218801000,9.06,9.1,9.05,9.07,30808486
126,1476082800000,9.1,9.17,9.08,9.12,61138159
127,1476169201000,9.13,9.15,9.11,9.15,36337078
128,1476255602000,9.14,9.16,9.12,9.13,27031620
129,1476342002000,9.08,9.11,9.05,9.07,63236796
130,1476428402000,9.06,9.09,9.04,9.09,33541176
131,1476687600000,9.08,9.09,9.03,9.05,35922316
132,1476774001000,9.03,9.09,9.03,9.09,59373709
133,1476860401000,9.09,9.11,9.05,9.08,48263616
134,1476946802000,9.08,9.09,9.05,9.07,34284457
135,1477033201000,9.08,9.13,9.06,9.13,68389677
136,1477292400000,9.13,9.3,9.12,9.24,91567704
137,1477378801000,9.25,9.26,9.18,9.21,50075292
138,1477465200000,9.22,9.22,9.13,9.15,44045213
139,1477551602000,9.16,9.17,9.12,9.16,32414055
140,1477638003000,9.16,9.23,9.14,9.17,54199774
141,1477897203000,9.15,9.16,9.09,9.15,49359683
142,1477983602000,9.14,9.16,9.11,9.14,52541566
143,1478070002000,9.14,9.14,9.05,9.07,63358600
144,1478156403000,9.06,9.14,9.05,9.13,61687113
145,1478242802000,9.11,9.17,9.1,9.11,50811757
146,1478502002000,9.1,9.12,9.07,9.12,49724012
147,1478588402000,9.12,9.15,9.1,9.15,80669498
148,1478674800000,9.14,9.14,9.01,9.07,72261671
149,1478761201000,9.1,9.16,9.1,9.14,63199874
150,1478847602000,9.14,9.18,9.11,9.18,81226969
151,1479106803000,9.16,9.25,9.16,9.22,97507875
152,1479193203000,9.2,9.24,9.18,9.23,55434298
153,1479279602000,9.23,9.24,9.2,9.23,41584240
154,1479366002000,9.22,9.22,9.18,9.21,50532402
155,1479452402000,9.21,9.21,9.16,9.18,51759734
156,1479711602000,9.18,9.28,9.17,9.24,85024326
157,1479798003000,9.24,9.36,9.23,9.36,118025694
158,1479884401000,9.34,9.56,9.34,9.45,175286943
159,1479970801000,9.44,9.52,9.42,9.47,77974884
160,1480057201000,9.48,9.62,9.46,9.62,101367499
161,1480316402000,9.69,9.78,9.6,9.63,127968924
162,1480402802000,9.59,9.7,9.55,9.62,88777923
163,1480489202000,9.65,9.72,9.5,9.55,102596305
164,1480575602000,9.57,9.63,9.55,9.6,64600437
165,1480662003000,9.6,9.6,9.44,9.55,82968650
166,1480921202000,9.5,9.54,9.41,9.46,76436570
167,1481007602000,9.48,9.52,9.45,9.49,60290276
168,1481094002000,9.48,9.49,9.41,9.48,49340476
169,1481180401000,9.5,9.55,9.43,9.52,67145216
170,1481266802000,9.5,9.75,9.48,9.65,151419915
171,1481526001000,9.65,9.77,9.44,9.5,125687400
172,1481612401000,9.48,9.5,9.33,9.42,64577157
173,1481698802000,9.42,9.51,9.4,9.4,59770574
174,1481785202000,9.37,9.41,9.21,9.25,82761287
175,1481871602000,9.24,9.29,9.21,9.25,39681397
176,1482130803000,9.22,9.23,9.17,9.2,49401064
177,1482217202000,9.2,9.2,9.08,9.11,63663837
178,1482303602000,9.12,9.16,9.11,9.16,36992065
179,1482390001000,9.15,9.16,9.11,9.14,34134124
180,1482476401000,9.14,9.14,9.07,9.08,38291216
181,1482735599000,9.06,9.13,9.02,9.12,30205896
182,1482821999000,9.12,9.13,9.07,9.08,26884124
183,1482908401000,9.08,9.11,9.04,9.06,33605509
184,1482994803000,9.07,9.09,9.05,9.08,33875853
185,1483081202000,9.08,9.1,9.06,9.1,30260736
186,1483426802000,9.11,9.18,9.09,9.16,45984049
187,1483513201000,9.15,9.18,9.14,9.16,44932953
188,1483599601000,9.17,9.18,9.15,9.17,34437291
189,1483686001000,9.17,9.17,9.11,9.13,35815420
190,1483945201000,9.13,9.17,9.11,9.15,36108157
191,1484031602000,9.15,9.16,9.14,9.15,24105395
192,1484118001000,9.14,9.17,9.13,9.14,30343089
193,1484204401000,9.13,9.17,9.13,9.15,42800677
194,1484290801000,9.14,9.19,9.12,9.16,43430137
195,1484550002000,9.15,9.16,9.07,9.14,68316586
196,1484636402000,9.12,9.16,9.1,9.15,54555237
197,1484722801000,9.14,9.19,9.13,9.17,57426939
198,1484809201000,9.15,9.24,9.15,9.18,43771286
199,1484895602000,9.17,9.23,9.17,9.22,39332857
200,1485154802000,9.22,9.26,9.2,9.22,42029931
201,1485241202000,9.23,9.28,9.2,9.27,47024408
202,1485327601000,9.27,9.28,9.25,9.26,30440196
203,1485414003000,9.27,9.34,9.26,9.33,42071258
204,1486105202000,9.34,9.36,9.23,9.26,31547224
205,1486364402000,9.26,9.32,9.26,9.31,51678611
206,1486450801000,9.31,9.32,9.27,9.3,39688497
207,1486537202000,9.29,9.3,9.24,9.3,36027242
208,1486623603000,9.3,9.33,9.28,9.31,34285513
209,1486710002000,9.32,9.36,9.31,9.33,48274323
210,1486969201000,9.34,9.44,9.33,9.41,63836475
211,1487055602000,9.41,9.42,9.37,9.4,36240460
212,1487142002000,9.4,9.54,9.39,9.45,75661306
213,1487228403000,9.45,9.5,9.42,9.46,41116113
214,1487314802000,9.46,9.49,9.37,9.39,42377497
215,1487574002000,9.4,9.58,9.4,9.56,89875539
216,1487660402000,9.55,9.62,9.54,9.57,64658421
217,1487746802000,9.57,9.57,9.5,9.57,46296611
218,1487833202000,9.55,9.57,9.48,9.51,33532781
219,1487919603000,9.5,9.54,9.48,9.5,33250014
220,1488178802000,9.5,9.5,9.42,9.43,40734112
221,1488265202000,9.43,9.51,9.42,9.48,36971970
222,1488351601000,9.49,9.55,9.47,9.49,34699373
223,1488438001000,9.51,9.54,9.42,9.43,40362870
224,1488524402000,9.41,9.43,9.36,9.4,34265508
225,1488783600000,9.4,9.46,9.39,9.45,40451138
226,1488870001000,9.44,9.46,9.4,9.45,29467282
227,1488956402000,9.43,9.45,9.4,9.42,24443839
228,1489042801000,9.41,9.43,9.36,9.38,37816992
229,1489129201000,9.38,9.41,9.36,9.4,39018225
230,1489388401000,9.39,9.45,9.37,9.44,54530444
231,1489474802000,9.43,9.46,9.41,9.44,40448435
232,1489561200000,9.42,9.48,9.42,9.48,54656086
233,1489647602000,9.48,9.53,9.45,9.52,63595381
234,1489734002000,9.45,9.46,9.3,9.31,158364708
235,1489993203000,9.29,9.31,9.22,9.25,71502177
236,1490079602000,9.25,9.26,9.2,9.24,55464874
237,1490166002000,9.2,9.22,9.14,9.16,56612363
238,1490252402000,9.16,9.24,9.15,9.2,43358829
239,1490338802000,9.2,9.24,9.16,9.19,71082787
240,1490598001000,9.12,9.19,9.08,9.14,98501205
241,1490684402000,9.16,9.17,9.1,9.12,48137276
242,1490770801000,9.13,9.15,9.09,9.11,60114068
243,1490857201000,9.12,9.12,9.06,9.08,68728555
244,1490943601000,9.08,9.18,9.08,9.17,63312122
245,1491375601000,9.16,9.22,9.15,9.21,49915009
246,1491462001000,9.2,9.22,9.17,9.2,43439147
247,1491548401000,9.19,9.22,9.17,9.2,51484476
248,1491807601000,9.2,9.21,9.17,9.18,40134394
249,1491894002000,9.17,9.19,9.09,9.15,61243796
250,1491980401000,9.16,9.17,9.1,9.12,45533653
251,1492066802000,9.11,9.14,9.1,9.12,35744255
252,1492153201000,9.11,9.12,9.06,9.08,49050050
253,1492412400000,9.08,9.11,9.05,9.1,53189218
254,1492498801000,9.09,9.1,9.05,9.05,33537696
255,1492585201000,9.03,9.04,8.9,8.91,79966857
256,1492671601000,8.9,8.94,8.89,8.92,43762999
257,1492758002000,8.92,8.99,8.9,8.97,32540817
258,1493017201000,8.97,8.98,8.89,8.93,39499527
259,1493103603000,8.93,9.01,8.93,9.0,37793334
260,1493190002000,9.0,9.01,8.96,8.99,38214706
261,1493276403000,8.97,8.98,8.91,8.97,38739256
262,1493362801000,8.96,8.99,8.92,8.99,28644636
263,1493708401000,8.96,8.96,8.9,8.94,31102610
264,1493794801000,8.92,8.93,8.89,8.91,28031077
265,1493881201000,8.89,8.89,8.72,8.74,69651707
266,1493967601000,8.74,8.76,8.58,8.63,62370085
267,1494226802000,8.6,8.62,8.54,8.57,46008989
268,1494313202000,8.56,8.64,8.55,8.64,32419446
269,1494399603000,8.63,8.8,8.62,8.67,57307768
270,1494486003000,8.65,8.72,8.6,8.7,50364355
271,1494572402000,8.68,8.9,8.64,8.9,91796819
272,1494831602000,8.89,8.95,8.81,8.86,53657821
273,1494918001000,8.84,8.85,8.73,8.84,52487233
274,1495004402000,8.81,8.81,8.75,8.77,41733802
275,1495090801000,8.72,8.77,8.71,8.73,22740112
276,1495177202000,8.74,8.76,8.68,8.69,29427084
277,1495436401000,8.68,8.73,8.61,8.68,67912005
278,1495522802000,8.67,8.84,8.64,8.79,80004019
279,1495609201000,8.78,8.83,8.68,8.81,53237669
280,1495695601000,8.79,9.14,8.78,9.1,162154374
281,1495782002000,9.08,9.13,9.04,9.1,89536576
282,1496214003000,9.1,9.23,9.06,9.2,103321095
283,1496300402000,9.2,9.23,9.12,9.19,56618276
284,1496386800000,9.18,9.29,9.14,9.17,77075706
285,1496646001000,9.13,9.17,8.99,9.03,63413269
286,1496732401000,9.01,9.06,8.99,9.04,35534153
287,1496818802000,9.02,9.15,9.01,9.13,64572325
288,1496905201000,9.11,9.15,9.08,9.13,38300448
289,1496991601000,9.15,9.22,9.12,9.15,68546808
290,1497250802000,9.15,9.19,9.1,9.11,50457816
291,1497337202000,9.11,9.14,9.05,9.12,44843497
292,1497423603000,9.12,9.13,9.04,9.08,37544431
293,1497510002000,9.08,9.08,9.03,9.04,33779789
294,1497596401000,9.04,9.08,9.01,9.02,28599104
295,1497855601000,9.03,9.15,9.02,9.13,48970481
296,1497942000000,9.12,9.16,9.09,9.12,31361560
297,1498028401000,9.17,9.18,9.11,9.15,49693219
298,1498114802000,9.15,9.4,9.14,9.25,142695815
299,1498201200000,9.23,9.27,9.16,9.25,58400441
300,1498460402000,9.26,9.4,9.26,9.3,71076995
301,1498546801000,9.3,9.39,9.27,9.36,54601613
302,1498633202000,9.35,9.49,9.33,9.43,116879622
303,1498719601000,9.43,9.45,9.37,9.43,48880457
304,1498806000000,9.4,9.43,9.31,9.39,49963349
305,1499065202000,9.4,9.43,9.34,9.4,38834937
306,1499151602000,9.4,9.41,9.3,9.34,48836253
307,1499238001000,9.29,9.38,9.27,9.37,56772000
308,1499324401000,9.36,9.41,9.31,9.4,73891186
309,1499410801000,9.37,9.48,9.34,9.47,76036958
310,1499670002000,9.45,9.66,9.44,9.59,136081591
311,1499756402000,9.61,10.46,9.61,10.25,381208660
312,1499842802000,10.27,10.58,10.2,10.34,299884401
313,1499929203000,10.3,10.9,10.24,10.9,299453432
314,1500015601000,10.81,10.94,10.66,10.9,172257026
315,1500274803000,10.95,11.33,10.72,10.81,327312315
316,1500361203000,10.75,11.14,10.62,11.05,234943191
317,1500447602000,10.99,11.19,10.88,11.09,193307592
318,1500534002000,11.08,11.22,10.91,10.97,153733858
319,1500620401000,10.83,10.95,10.69,10.89,150102000
320,1500879602000,10.82,11.06,10.73,10.95,169266444
321,1500966002000,10.98,11.27,10.95,11.0,195476835
322,1501052403000,10.92,11.18,10.66,10.74,169741211
323,1501138802000,10.72,10.77,10.53,10.59,119449040
324,1501225201000,10.61,10.81,10.58,10.74,81919535
325,1501484401000,10.8,10.82,10.45,10.67,157586439
326,1501570802000,10.64,11.08,10.6,11.04,203570991
327,1501657201000,11.05,11.34,10.96,11.15,206206907
328,1501743603000,11.14,11.22,10.97,11.01,98421938
329,1501830002000,11.0,11.29,10.93,11.17,135395156
330,1502089200000,11.06,11.17,10.9,11.0,86064427
331,1502175601000,11.0,11.11,10.91,11.05,68956744
332,1502262001000,10.96,11.02,10.68,10.73,104232181
333,1502348400000,10.7,10.82,10.54,10.62,95987996
334,1502434802000,10.48,10.54,9.99,10.02,244064335
335,1502694003000,10.13,10.25,10.04,10.22,115766464
336,1502780402000,10.24,10.51,10.21,10.31,107516235
337,1502866802000,10.29,10.37,10.15,10.34,75680602
338,1502953201000,10.35,10.42,10.29,10.42,55364211
339,1503039602000,10.36,10.6,10.29,10.44,61652041
340,1503298802000,10.43,10.52,10.39,10.46,39915487
341,1503385201000,10.48,10.66,10.37,10.65,87568181
342,1503471601000,10.63,10.98,10.59,10.9,131915190
343,1503558001000,10.89,11.11,10.84,10.93,92424863
344,1503644401000,10.94,11.17,10.9,11.11,96394000
345,1503903601000,11.1,11.54,11.1,11.35,160393832
346,1503990001000,11.3,11.74,11.28,11.67,135798373
347,1504076400000,11.68,11.7,11.35,11.43,109667476
348,1504162802000,11.39,11.44,11.15,11.28,115178646
349,1504249202000,11.28,11.39,11.15,11.21,95997689
350,1504508402000,11.18,11.72,11.17,11.72,135232557
351,1504594801000,11.68,11.94,11.6,11.64,128751876
352,1504681201000,11.59,11.88,11.48,11.7,79162155
353,1504767603000,11.65,11.75,11.39,11.44,61418724
354,1504854001000,11.46,11.64,11.38,11.49,48127615
355,1505113202000,11.54,11.69,11.3,11.38,69947275
356,1505199601000,11.38,11.54,11.27,11.54,84618342
357,1505286002000,11.49,11.54,11.34,11.43,66823742
358,1505372401000,11.43,11.59,11.24,11.32,88308777
359,1505458802000,11.29,11.32,11.15,11.29,64609481
360,1505718002000,11.25,11.32,11.2,11.25,60761296
361,1505804401000,11.25,11.34,11.08,11.13,76421262
362,1505890802000,11.14,11.37,11.05,11.29,78715469
363,1505977202000,11.26,11.51,11.2,11.46,69240793
364,1506063602000,11.43,11.52,11.31,11.44,59392762
365,1506322802000,11.44,11.45,11.18,11.29,53239104
366,1506409201000,11.26,11.3,10.96,11.05,96746090
367,1506495602000,11.01,11.08,10.9,10.93,72718820
368,1506582003000,10.98,10.98,10.82,10.88,51722002
369,1506668401000,10.92,11.16,10.86,11.11,68228010
370,1507532400000,11.57,11.64,11.26,11.3,132522731
371,1507618800000,11.33,11.5,11.33,11.47,74792530
372,1507705201000,11.48,11.58,11.34,11.53,65807758
373,1507791602000,11.54,11.58,11.47,11.55,57806531
374,1507878001000,11.56,11.56,11.25,11.36,73737596
375,1508137201000,11.36,11.6,11.29,11.59,103625064
376,1508223601000,11.62,11.65,11.48,11.51,50637234
377,1508310001000,11.53,11.7,11.51,11.69,87136536
378,1508396402000,11.64,11.72,11.57,11.63,72276482
379,1508482802000,11.59,11.59,11.41,11.48,46180808
380,1508742001000,11.39,11.4,11.15,11.19,107446502
381,1508828402000,11.2,11.42,11.18,11.39,61887194
382,1508914801000,11.36,11.37,11.25,11.27,41857360
383,1509001202000,11.25,11.32,11.12,11.18,92899607
384,1509087601000,11.19,11.56,11.18,11.56,136008642
385,1509346801000,11.55,11.73,11.45,11.56,127824694
386,1509433200000,11.55,11.58,11.39,11.54,62749138
387,1509519603000,11.56,11.59,11.32,11.4,69261790
388,1509606001000,11.36,11.58,11.26,11.54,60430848
389,1509692402000,11.49,11.68,11.35,11.39,74334322
390,1509951602000,11.42,11.42,11.09,11.28,102990281
391,1510038001000,11.27,12.09,11.25,11.92,247716326
392,1510124402000,12.0,12.59,11.93,12.13,426282573
393,1510210801000,12.2,12.57,12.15,12.33,229528934
394,1510297201000,12.37,12.55,12.15,12.3,175755227
395,1510556402000,12.35,13.1,12.35,12.9,256690623
396,1510642801000,12.95,13.26,12.81,12.95,178030247
397,1510729200000,12.9,13.13,12.77,12.9,126305227
398,1510815603000,12.9,13.12,12.67,13.1,120081480
399,1510902002000,13.17,13.46,13.03,13.18,206414972
400,1511161201000,13.13,14.25,13.05,14.25,284392582
401,1511247601000,14.07,14.79,14.01,14.45,249532781
402,1511334001000,14.48,15.24,14.48,15.1,257023146
403,1511420402000,15.15,15.24,14.07,14.35,242914214
404,1511506801000,14.29,14.59,13.78,14.56,263018967
405,1511766002000,14.3,14.3,13.75,13.93,206408533
406,1511852401000,13.85,13.85,13.4,13.7,176643250
407,1511938801000,13.73,13.93,13.47,13.82,156409493
408,1512025202000,13.7,13.73,13.26,13.38,137963571
409,1512111601000,13.4,13.48,12.96,13.0,178493315
410,1512370802000,13.05,13.37,13.0,13.3,145402345
411,1512457200000,13.15,13.49,13.1,13.3,172368132
412,1512543602000,13.26,13.27,12.79,13.08,161984496
413,1512630001000,13.05,13.14,12.75,12.83,118195784
414,1512716401000,12.89,13.09,12.75,13.09,135131504
415,1512975602000,13.08,13.57,12.88,13.5,226195273
416,1513062000000,13.4,13.48,13.02,13.02,174340579
417,1513148401000,13.0,13.2,12.88,13.13,128924811
418,1513234801000,13.15,13.31,12.91,13.0,100199798
419,1513321202000,12.9,12.93,12.67,12.72,109995250
420,1513580402000,12.73,12.91,12.64,12.75,80546452
421,1513666801000,12.79,13.32,12.74,13.28,239794295
422,1513753202000,13.2,13.31,13.13,13.26,110624507
423,1513839602000,13.18,13.68,13.16,13.54,148520344
424,1513926001000,13.5,13.63,13.45,13.52,74290095
425,1514185197000,13.52,13.86,13.16,13.25,158556718
426,1514271597000,13.26,13.69,13.19,13.66,112368845
427,1514358002000,13.58,13.78,13.19,13.29,136656673
428,1514444401000,13.28,13.46,13.02,13.21,155303047
429,1514530801000,13.21,13.43,13.1,13.3,98291553
430,1514876401000,13.35,13.93,13.32,13.7,208159255
431,1514962803000,13.73,13.86,13.2,13.33,296249838
432,1515049202000,13.32,13.37,13.13,13.25,185450948
433,1515135602000,13.21,13.35,13.15,13.3,121031272
434,1515394802000,13.25,13.29,12.86,12.96,215862081
435,1515481202000,12.96,13.2,12.92,13.08,134434509
436,1515567601000,13.04,13.49,12.92,13.47,240327736
437,1515654001000,13.41,13.59,13.27,13.4,144387781
438,1515740402000,13.45,13.68,13.41,13.55,135399140
439,1515999601000,13.51,14.33,13.5,14.2,312239448
440,1516086002000,14.17,14.38,14.02,14.2,244454900
441,1516172402000,14.33,14.8,14.2,14.23,265629401
442,1516258803000,14.4,14.72,14.28,14.72,214802680
443,1516345202000,14.8,15.13,14.68,14.8,257114669
444,1516604401000,14.6,14.94,14.43,14.44,207386714
445,1516690802000,14.36,14.9,14.33,14.65,238879170
446,1516777201000,14.66,15.08,14.5,14.64,259129212
447,1516863601000,14.45,14.47,14.0,14.2,236998459
448,1516950001000,14.18,14.34,14.02,14.05,203298865
449,1517209202000,14.05,14.25,13.6,13.74,209054668
450,1517295602000,13.7,13.84,13.55,13.65,109473986
451,1517382001000,13.6,14.05,13.53,14.05,174772914
452,1517468400000,13.95,14.3,13.84,14.03,200561475
453,1517554801000,13.91,14.1,13.63,14.05,117651271
454,1517814002000,13.8,14.57,13.73,14.55,233199790
455,1517900401000,14.23,14.33,13.93,14.0,258287204
456,1517986801000,14.22,14.3,12.76,12.92,334571697
457,1518073202000,12.83,12.92,12.53,12.54,213781506
458,1518159602000,12.08,12.08,11.38,11.69,282494975
459,1518418801000,11.78,11.84,11.56,11.72,122878244
460,1518505203000,11.87,12.21,11.84,11.94,129817869
461,1518591601000,11.96,12.03,11.76,12.0,86419024
462,1519282801000,12.25,12.53,12.25,12.46,126840607
463,1519369201000,12.58,12.79,12.45,12.61,101366320
464,1519628403000,12.77,12.85,12.45,12.63,104575874
465,1519714802000,12.64,12.7,12.19,12.28,128586906
466,1519801202000,12.1,12.19,11.93,12.05,121414559
467,1519887602000,11.92,12.15,11.9,12.04,88695718
468,1519974001000,11.92,12.04,11.85,11.95,66312416
469,1520233201000,11.93,12.08,11.8,11.86,75418313
470,1520319603000,11.95,12.11,11.77,12.1,115016249
471,1520406003000,12.15,12.34,12.04,12.05,142757032
472,1520492401000,12.05,12.15,11.95,12.11,68975503
473,1520578801000,12.15,12.2,11.98,12.09,94387697
474,1520838001000,12.15,12.17,11.95,12.03,126870132
475,1520924401000,12.04,12.22,12.0,12.02,108226732
476,1521010802000,11.98,12.0,11.83,11.92,63559413
477,1521097202000,11.79,11.85,11.66,11.71,115569473
478,1521183601000,11.72,11.85,11.64,11.64,96298338
479,1521442802000,11.66,11.84,11.61,11.83,80853872
480,1521529202000,11.74,11.88,11.72,11.82,77615002
481,1521615602000,11.95,12.12,11.85,11.9,144510951
482,1521702002000,11.9,11.97,11.62,11.66,98427842
483,1521788402000,11.25,11.35,10.92,11.34,182569075
484,1522047602000,11.15,11.2,10.86,10.93,138359851
485,1522134001000,11.1,11.17,10.86,10.94,110393361
486,1522220402000,10.85,11.14,10.79,10.89,109902339
487,1522306801000,10.92,11.17,10.55,11.05,133060238
488,1522393201000,11.04,11.05,10.88,10.9,75217368
489,1522652398000,10.87,10.99,10.7,10.71,110931643
490,1522738802000,10.6,10.67,10.51,10.56,89074565
491,1522825202000,10.68,11.01,10.6,10.87,160248873
492,1523257202000,10.8,11.1,10.73,11.02,107479576
493,1523343602000,11.02,11.46,10.97,11.42,139095079
494,1523430001000,11.39,11.92,11.38,11.83,209597045
495,1523516403000,11.8,11.83,11.42,11.52,117312818
496,1523602802000,11.64,11.79,11.45,11.57,130025597
497,1523862002000,11.47,11.47,11.03,11.1,142707281
498,1523948401000,11.12,11.45,11.11,11.21,130189172
499,1524034801000,11.45,11.61,11.28,11.5,147584533
500,1524121202000,11.52,11.69,11.42,11.47,84913183
501,1524207601000,11.51,11.58,11.2,11.35,95869066
502,1524466801000,11.3,11.61,11.26,11.57,107028935
503,1524553202000,11.63,11.94,11.58,11.86,146109880
504,1524639601000,11.76,11.81,11.63,11.68,73028648
505,1524726001000,11.66,11.69,11.31,11.42,87423591
506,1524812402000,11.49,11.51,10.63,10.85,270979568
507,1525244403000,10.97,11.03,10.8,10.88,119052318
508,1525330803000,10.86,10.88,10.57,10.75,128135557
509,1525417202000,10.73,10.83,10.66,10.68,71050952
510,1525676402000,10.7,10.83,10.64,10.81,97430967
511,1525762801000,10.83,11.15,10.8,11.01,137330568
512,1525849202000,10.98,11.03,10.88,10.97,62765613
513,1525935602000,11.03,11.09,10.91,11.01,55273588
514,1526022002000,11.04,11.13,10.96,11.01,77236966
515,1526281202000,11.09,11.23,11.03,11.18,103929716
516,1526367601000,11.18,11.19,11.02,11.12,66926144
517,1526454003000,11.07,11.07,10.89,10.9,71436208
518,1526540403000,10.91,10.94,10.78,10.82,58649438
519,1526626801000,10.81,10.97,10.76,10.96,57838477
520,1526886001000,11.07,11.11,10.93,10.95,76353357
521,1526972401000,10.95,10.98,10.79,10.86,58987185
522,1527058801000,10.82,10.82,10.62,10.65,99101629
523,1527145201000,10.66,10.68,10.58,10.61,68815202
524,1527231601000,10.61,10.67,10.55,10.59,59333567
525,1527490802000,10.58,10.66,10.51,10.59,56940092
526,1527577203000,10.58,10.63,10.35,10.38,88949497
527,1527663601000,10.29,10.29,10.05,10.08,112444704
528,1527750001000,10.11,10.19,10.02,10.18,98736038
529,1527836401000,10.15,10.29,10.07,10.19,59721116
530,1528095601000,10.23,10.31,10.15,10.27,59303835
531,1528182002000,10.29,10.3,10.11,10.26,65654075
532,1528268401000,10.25,10.26,10.1,10.14,71274341
533,1528354801000,10.2,10.46,10.18,10.37,126263820
534,1528441202000,10.33,10.33,10.06,10.12,109937982
535,1528700402000,10.06,10.13,10.0,10.04,72137498
536,1528786802000,10.03,10.08,9.95,10.06,91330072
537,1528873202000,10.04,10.06,9.95,9.95,53058431
538,1528959602000,9.95,10.15,9.92,10.07,86639201
539,1529046002000,10.08,10.29,10.06,10.17,124870788
540,1529391601000,10.05,10.15,9.82,9.87,156587447
541,1529478001000,9.87,9.95,9.76,9.91,76363731
542,1529564401000,9.93,10.04,9.86,9.86,84007077
543,1529650801000,9.8,9.87,9.77,9.85,65781851
544,1529910002000,9.91,9.92,9.38,9.46,119521260
545,1529996402000,9.39,9.44,9.09,9.36,112415694
546,1530082802000,9.31,9.4,9.03,9.09,104514268
547,1530169200000,8.95,9.08,8.87,8.92,111076403
548,1530255601000,9.01,9.13,8.96,9.09,67529968
549,1530514800000,9.05,9.05,8.55,8.61,131552013
550,1530601201000,8.69,8.7,8.45,8.67,127483857
551,1530687601000,8.63,8.75,8.61,8.61,71115337
552,1530774001000,8.62,8.73,8.55,8.6,83576877
553,1530860401000,8.61,8.78,8.45,8.66,98828269
554,1531119602000,8.69,9.03,8.68,9.03,140995460
555,1531206001000,9.02,9.02,8.89,8.98,89686202
556,1531292403000,8.76,8.83,8.68,8.78,85129670
557,1531378800000,8.6,8.97,8.58,8.88,114049231
558,1531465201000,8.92,8.94,8.82,8.88,60337821
559,1531724402000,8.85,8.9,8.69,8.73,68984558
560,1531810802000,8.74,8.75,8.66,8.72,37535633
561,1531897201000,8.75,8.85,8.69,8.7,52515277
562,1531983600000,8.75,8.81,8.69,8.73,46137239
563,1532070003000,8.73,9.2,8.61,9.11,175427740
564,1532329202000,9.04,9.45,9.0,9.42,178168826
565,1532415603000,9.39,9.59,9.33,9.4,142589416
566,1532502001000,9.44,9.47,9.33,9.38,61412281
567,1532588402000,9.4,9.48,9.21,9.25,83335815
568,1532674803000,9.3,9.36,9.18,9.25,51512603
569,1532934002000,9.32,9.49,9.26,9.39,70638597
570,1533020401000,9.37,9.49,9.25,9.42,72015080
571,1533106802000,9.42,9.5,9.11,9.15,81408168
572,1533193202000,9.13,9.15,8.88,8.94,93140128
573,1533279600000,8.93,9.1,8.91,8.91,47654662
574,1533538803000,8.94,9.11,8.89,8.94,55401008
575,1533625202000,8.96,9.17,8.88,9.17,69042319
576,1533711602000,9.16,9.16,9.04,9.05,57895316
577,1533798000000,9.04,9.35,9.02,9.29,80678377
578,1533884401000,9.3,9.32,9.16,9.23,42416836
579,1534143602000,9.12,9.16,8.9,9.05,81849112
580,1534230001000,9.03,9.04,8.94,9.0,43024036
581,1534316401000,9.02,9.02,8.75,8.79,67044285
582,1534402801000,8.73,8.89,8.64,8.78,63827255
583,1534489200000,8.88,8.94,8.78,8.81,64947656
584,1534748401000,8.9,9.02,8.87,9.0,68132206
585,1534834801000,9.02,9.26,9.01,9.23,126447447
586,1534921202000,9.24,9.34,9.13,9.29,98243398
587,1535007603000,9.3,9.42,9.23,9.36,72907462
588,1535094002000,9.31,10.28,9.29,10.03,304040839
589,1535353201000,10.02,10.43,9.97,10.43,221842422
590,1535439601000,10.34,10.43,10.24,10.29,128977724
591,1535526003000,10.25,10.33,10.15,10.27,90188349
592,1535612400000,10.27,10.35,10.08,10.12,99491773
593,1535698802000,10.13,10.32,10.1,10.13,131086524
594,1535958002000,10.09,10.3,10.09,10.19,71169567
595,1536044401000,10.2,10.55,10.07,10.43,129634208
596,1536130801000,10.3,10.33,10.05,10.05,117945317
597,1536217202000,10.05,10.14,9.95,9.97,71177755
598,1536303602000,10.04,10.18,9.93,10.01,80903534
599,1536562802000,10.01,10.07,9.84,9.88,63698929
600,1536649203000,9.9,10.03,9.81,9.91,71296751
601,1536735601000,9.87,9.97,9.82,9.88,56482916
602,1536822001000,10.09,10.1,9.84,9.96,99972561
603,1536908401000,9.98,9.98,9.81,9.84,61975019
604,1537167601000,9.8,9.8,9.68,9.69,51708233
605,1537254002000,9.73,10.12,9.7,10.08,112680742
606,1537340402000,10.03,10.34,10.03,10.24,123154877
607,1537426801000,10.27,10.36,10.19,10.23,62034836
608,1537513201000,10.26,10.7,10.18,10.67,162451841
609,1537858801000,10.52,10.68,10.48,10.55,97701470
610,1537945202000,10.61,10.92,10.52,10.71,149051343
611,1538031601000,10.65,10.84,10.57,10.74,88036333
612,1538118001000,10.78,11.27,10.78,11.05,211024267
613,1538982002000,10.7,10.79,10.45,10.45,168635852
614,1539068402000,10.46,10.7,10.39,10.56,106408426
615,1539154801000,10.54,10.66,10.38,10.45,99520008
616,1539241202000,10.05,10.16,9.7,9.86,199514383
617,1539327602000,9.97,10.34,9.87,10.3,151681028
618,1539586802000,10.39,10.47,10.09,10.11,140268530
619,1539673201000,10.14,10.54,10.12,10.37,139692105
620,1539759600000,10.5,10.55,10.14,10.33,135088983
621,1539846001000,10.29,10.29,10.06,10.09,100115605
622,1539932402000,9.95,10.78,9.92,10.76,208366732
623,1540191601000,10.81,11.46,10.78,11.15,264554312
624,1540278002000,11.2,11.22,10.73,10.84,160254592
625,1540364401000,10.9,11.33,10.8,11.04,182942464
626,1540450803000,10.8,11.29,10.71,11.29,168501136
627,1540537203000,11.29,11.31,10.96,11.18,129997510
628,1540796401000,11.2,11.24,10.62,10.75,159162878
629,1540882802000,10.78,11.08,10.73,10.9,150182786
630,1540969203000,10.95,10.99,10.75,10.91,115268379
631,1541055601000,10.99,11.05,10.76,10.83,154277632
632,1541142001000,11.04,11.16,10.83,11.09,221292287
633,1541401202000,10.95,11.04,10.82,10.92,129192417
634,1541487601000,10.87,10.93,10.73,10.84,73572574
635,1541574002000,10.83,10.95,10.75,10.81,78559741
636,1541660403000,10.88,10.97,10.82,10.89,79397600
637,1541746801000,10.71,10.73,10.4,10.55,162926917
638,1542006002000,10.46,10.58,10.38,10.56,92033388
639,1542092402000,10.41,10.65,10.38,10.54,107249762
640,1542178802000,10.53,10.55,10.42,10.44,77423985
641,1542265203000,10.44,10.64,10.42,10.62,90146198
642,1542351601000,10.61,10.72,10.49,10.57,105959259
643,1542610802000,10.57,10.88,10.57,10.85,136088709
644,1542697202000,10.75,10.8,10.52,10.57,103387753
645,1542783601000,10.5,10.67,10.48,10.61,66615733
646,1542870002000,10.67,10.67,10.48,10.55,50026785
647,1542956403000,10.53,10.58,10.31,10.32,70035815
648,1543215602000,10.34,10.46,10.3,10.34,51656911
649,1543302001000,10.35,10.39,10.16,10.18,73344838
650,1543388401000,10.17,10.31,10.16,10.28,53775145
651,1543474801000,10.35,10.39,10.19,10.2,48528405
652,1543561203000,10.22,10.36,10.17,10.36,59471532
653,1543820402000,10.59,10.66,10.47,10.59,106409717
654,1543906801000,10.57,10.62,10.53,10.59,53481305
655,1543993200000,10.49,10.51,10.4,10.45,58154527
656,1544079601000,10.36,10.37,10.23,10.25,57886648
657,1544166000000,10.3,10.39,10.27,10.28,34021615
658,1544425201000,10.22,10.27,10.13,10.17,49481887
659,1544511601000,10.21,10.26,10.17,10.23,29908962
660,1544598001000,10.3,10.32,10.2,10.24,36637903
661,1544684401000,10.25,10.48,10.2,10.39,79084521
662,1544770803000,10.34,10.35,10.16,10.17,52667513
663,1545030002000,10.16,10.33,10.1,10.29,57127487
664,1545116401000,10.2,10.32,10.1,10.12,53774430
665,1545202802000,10.14,10.18,9.9,9.94,59800701
666,1545289201000,9.92,9.97,9.63,9.71,99028479
667,1545375602000,9.68,9.7,9.33,9.45,100061676
668,1545634801000,9.4,9.45,9.31,9.42,50911767
669,1545721201000,9.29,9.43,9.21,9.34,58661545
670,1545807600000,9.35,9.42,9.27,9.3,42114060
671,1545894002000,9.45,9.49,9.28,9.28,62459327
672,1545980402000,9.31,9.46,9.31,9.38,57660400
673,1546412403000,9.39,9.42,9.16,9.19,53938632
674,1546498801000,9.18,9.33,9.15,9.28,41553795
675,1546585201000,9.24,9.82,9.22,9.75,148115906
676,1546844402000,9.84,9.85,9.63,9.74,86568766
677,1546930801000,9.73,9.74,9.62,9.66,40238811
678,1547017202000,9.74,10.08,9.7,9.94,123348636
679,1547103601000,9.87,10.2,9.86,10.1,107181766
680,1547190002000,10.11,10.22,10.05,10.2,69636455
681,1547449201000,10.22,10.25,10.07,10.11,50044359
682,1547535602000,10.11,10.28,10.09,10.24,54216055
683,1547622001000,10.24,10.5,10.23,10.48,97769937
684,1547708401000,10.54,10.57,10.17,10.25,88281192
685,1547794800000,10.34,10.49,10.28,10.43,73879326
686,1548054001000,10.34,10.47,10.32,10.34,65935576
687,1548140402000,10.34,10.44,10.26,10.28,42441357
688,1548226802000,10.29,10.47,10.29,10.35,53787663
689,1548313202000,10.4,10.55,10.37,10.52,67924088
690,1548399602000,10.56,11.04,10.55,11.0,210836185
691,1548658802000,11.04,11.14,10.88,10.94,103590980
692,1548745203000,10.96,11.07,10.77,11.0,82663110
693,1548831601000,10.95,11.18,10.86,10.95,71200101
694,1548918003000,10.98,11.2,10.94,11.1,83162275
695,1549004402000,11.2,11.25,10.96,11.2,101427007
696,1549868401000,11.08,11.21,10.97,11.21,80193663
697,1549954803000,11.2,11.31,11.03,11.19,95993690
698,1550041201000,11.19,11.41,11.12,11.38,113736574
699,1550127601000,11.3,11.33,11.19,11.25,86918519
700,1550214001000,11.23,11.23,10.9,10.95,110012746
701,1550473201000,11.05,11.36,11.04,11.36,125552221
702,1550559601000,11.36,11.62,11.24,11.27,127088204
703,1550646001000,11.33,11.53,11.25,11.41,83262987
704,1550732401000,11.38,11.55,11.28,11.36,75424648
705,1550818802000,11.35,11.57,11.15,11.54,118404779
706,1551078001000,11.7,12.64,11.57,12.55,282493502
707,1551164402000,12.55,12.57,12.15,12.2,201754493
708,1551250801000,12.24,12.66,12.15,12.4,197901388
709,1551337201000,12.44,12.61,12.27,12.36,111309980
710,1551423601000,12.48,12.78,12.2,12.76,171267916
711,1551682803000,12.7,13.38,12.62,12.99,245683039
712,1551769202000,12.91,13.29,12.84,13.06,140842222
713,1551855603000,13.06,13.15,12.84,13.08,124576020
714,1551942002000,13.06,13.06,12.55,12.74,178205731
715,1552028401000,12.49,12.7,12.25,12.3,177816210
716,1552287602000,12.3,12.49,12.05,12.32,115765077
717,1552374002000,12.49,12.64,12.24,12.36,141179492
718,1552460401000,12.34,12.55,12.13,12.37,126942716
719,1552546802000,12.33,12.62,12.27,12.43,105746790
720,1552633201000,12.34,12.68,12.34,12.5,104540603
721,1552892402000,12.53,12.94,12.32,12.91,148645480
722,1552978800000,12.92,12.94,12.61,12.79,95719646
723,1553065202000,12.68,12.88,12.62,12.75,92999638
724,1553151601000,12.77,12.8,12.58,12.69,86014080
725,1553238001000,12.69,12.74,12.5,12.59,71350206
726,1553497203000,12.4,12.4,12.1,12.11,117988326
727,1553583603000,12.23,12.29,12.01,12.1,93539327
728,1553670002000,12.24,12.47,12.18,12.38,92282680
729,1553756403000,12.31,12.31,12.1,12.22,73246744
730,1553842802000,12.26,12.82,12.21,12.82,166950647
731,1554102002000,12.83,13.55,12.83,13.18,195140119
732,1554188403000,13.28,13.48,13.23,13.36,110038404
733,1554274803000,13.21,13.45,13.15,13.44,79291579
734,1554361202000,13.43,14.0,13.43,13.86,203436500
735,1554706805000,13.9,14.43,13.72,13.96,174317620
736,1554793203000,13.87,13.98,13.75,13.81,78133238
737,1554879602000,13.75,13.88,13.4,13.73,94713506
738,1554966002000,13.73,13.96,13.49,13.54,65535662
739,1555052403000,13.49,13.59,13.21,13.42,77432464
740,1555311604000,13.72,14.09,13.66,13.69,153389068
741,1555398002000,13.67,14.58,13.55,14.58,237937518
742,1555484402000,14.42,14.59,14.23,14.35,100410987
743,1555570803000,14.3,14.37,14.11,14.34,50704530
744,1555657201000,14.45,14.8,14.3,14.73,124603609
745,1555916403000,14.6,14.84,14.08,14.15,132227390
746,1556002802000,14.1,14.2,13.97,14.07,94068734
747,1556089201000,14.45,14.6,14.16,14.44,194972363
748,1556175603000,14.38,14.64,14.13,14.13,111147637
749,1556262002000,14.08,14.25,13.7,13.79,100942124
750,1556521203000,13.9,14.33,13.86,14.1,103069575
751,1556607602000,13.99,14.05,13.59,13.85,111657027
752,1557126003000,13.1,13.35,12.71,12.87,210866784
753,1557212403000,13.03,13.09,12.72,12.95,107265841
754,1557298802000,12.72,12.91,12.5,12.6,97545081
755,1557385202000,12.52,12.58,12.05,12.16,155715161
756,1557471602000,12.34,12.75,12.1,12.68,119239908
757,1557730803000,12.33,12.54,12.23,12.3,74191779
758,1557817202000,12.2,12.75,12.16,12.49,118259819
759,1557903602000,12.58,13.11,12.57,12.92,110398851
760,1557990003000,12.93,12.99,12.78,12.85,63490143
761,1558076402000,12.92,12.93,12.36,12.44,96500085
762,1558335604000,12.35,12.54,12.25,12.38,78643518
763,1558422002000,12.4,12.73,12.36,12.56,73121051
764,1558508402000,12.57,12.57,12.32,12.4,50623072
765,1558594802000,12.24,12.42,12.14,12.29,66685543
766,1558681202000,12.35,12.45,12.31,12.35,49552620
767,1558940402000,12.21,12.42,11.93,12.37,104842598
768,1559026802000,12.31,12.55,12.26,12.49,88070312
769,1559113202000,12.36,12.59,12.26,12.4,66641150
770,1559199603000,12.32,12.38,12.11,12.22,64628465
771,1559286002000,12.16,12.4,12.11,12.18,68679439
772,1559545201000,12.22,12.33,11.82,11.9,151271905
773,1559631602000,11.89,11.94,11.6,11.85,97465534
774,1559718002000,11.97,12.14,11.92,11.97,74889231
775,1559804403000,11.97,12.07,11.89,11.92,43366526
776,1560150002000,12.01,12.47,11.98,12.34,114466882
777,1560236402000,12.34,12.72,12.3,12.65,125108751
778,1560322802000,12.63,12.66,12.44,12.57,65731018
779,1560409202000,12.54,12.68,12.43,12.59,53000026
780,1560495602000,12.59,12.69,12.45,12.49,48319173
781,1560754802000,12.48,12.79,12.48,12.67,61981588
782,1560841202000,12.67,12.85,12.59,12.8,48355512
783,1560927602000,13.29,13.39,13.01,13.07,114322639
784,1561014003000,13.17,13.95,13.12,13.8,152919147
785,1561100402000,13.76,13.87,13.58,13.64,101112915
786,1561359602000,13.69,13.83,13.61,13.69,65957285
787,1561446002000,13.72,13.72,13.07,13.43,146922707
788,1561532402000,13.27,13.5,13.19,13.37,54650476
789,1561618802000,13.5,13.85,13.45,13.71,92507494
790,1561705202000,13.73,13.79,13.58,13.78,49809369
791,1561964402000,14.01,14.18,13.87,13.93,96063600
792,1562050802000,13.88,14.24,13.86,14.18,105274486
793,1562137201000,14.18,14.21,13.87,14.01,76907849
794,1562223602000,14.01,14.28,13.88,13.99,62129252
795,1562310005000,13.95,13.98,13.69,13.92,74919609
796,1562569201000,13.82,13.88,13.45,13.59,77841390
797,1562655603000,13.63,13.71,13.44,13.59,49429611
798,1562742002000,13.61,13.7,13.49,13.56,35822079
799,1562828402000,13.68,13.78,13.53,13.54,48418314
800,1562914802000,13.6,14.23,13.58,14.12,146536652
801,1563174002000,14.03,14.12,13.84,14.0,84128276
802,1563260403000,13.97,13.99,13.71,13.75,72278079
803,1563346802000,13.7,13.81,13.61,13.69,41002063
804,1563433202000,13.65,13.81,13.56,13.67,42282622
805,1563519603000,13.74,14.08,13.68,13.99,86639070
806,1563778803000,13.96,14.02,13.76,13.85,58228330
807,1563865202000,13.86,13.87,13.65,13.76,50400423
808,1563951603000,13.87,14.01,13.79,13.88,57027622
809,1564038002000,13.92,14.27,13.85,14.2,108782641
810,1564124402000,14.18,14.25,14.08,14.23,63530571
811,1564383602000,14.25,14.45,14.18,14.29,71557619
812,1564470002000,14.31,14.55,14.29,14.37,79663432
813,1564556401000,14.3,14.32,14.08,14.13,63472348
814,1564642801000,14.06,14.19,13.94,14.1,52798128
815,1564729202000,13.77,13.88,13.66,13.74,96992646
816,1564988403000,13.6,13.64,13.27,13.35,89308242
817,1565074802000,13.1,13.46,13.03,13.37,88249913
818,1565161203000,13.49,13.64,13.37,13.54,79303899
819,1565247602000,13.9,14.5,13.85,14.38,233071504
820,1565334001000,14.55,14.85,14.43,14.52,206057513
821,1565593202000,14.61,15.12,14.6,15.12,273342547
822,1565679602000,15.0,15.08,14.74,14.89,129373644
823,1565766003000,15.14,15.22,14.8,14.97,136054654
824,1565852402000,14.64,14.96,14.6,14.94,89737626
825,1565938803000,15.09,15.14,14.78,14.9,98690293
826,1566198002000,14.91,14.94,14.52,14.92,229295613
827,1566284402000,14.92,15.2,14.77,14.99,192104150
828,1566370803000,14.87,14.89,14.38,14.45,199013195
829,1566457202000,14.4,14.45,14.2,14.31,135307158
830,1566543602000,14.37,14.74,14.35,14.65,163686768
831,1566802802000,14.42,14.5,14.15,14.25,141512254
832,1566889203000,14.36,14.48,14.24,14.31,135671337
833,1566975602000,14.26,14.28,14.05,14.27,82965768
834,1567062002000,14.22,14.24,14.08,14.13,60903434
835,1567148402000,14.29,14.39,14.1,14.16,79850057
836,1567407602000,14.15,14.5,14.11,14.45,136020130
837,1567494001000,14.48,14.51,14.25,14.3,85865365
838,1567580404000,14.32,14.5,14.31,14.44,97396487
839,1567666802000,14.56,14.85,14.55,14.58,176805143
840,1567753202000,14.71,14.81,14.62,14.81,98643280
841,1568012402000,14.98,15.0,14.6,14.69,129983914
842,1568098802000,14.6,14.64,14.41,14.55,79687064
843,1568185202000,14.6,14.71,14.46,14.56,81861421
844,1568271603000,14.66,14.78,14.53,14.68,115068764
845,1568617202000,14.7,14.72,14.4,14.45,92989414
846,1568703602000,14.36,14.45,14.18,14.24,88265575
847,1568790005000,14.24,14.48,14.24,14.41,82043633
848,1568876402000,14.48,14.89,14.48,14.84,188402083
849,1568962802000,14.95,15.4,14.93,15.34,264428514
850,1569222003000,15.34,15.47,15.18,15.38,140328200
851,1569308402000,15.47,15.54,15.18,15.18,112910324
852,1569394803000,15.2,15.85,15.19,15.75,193889272
853,1569481203000,15.86,16.04,15.66,15.71,168659258
854,1569567602000,15.85,16.0,15.7,15.9,100770627
855,1569826802000,15.75,15.89,15.57,15.59,104636317
856,1570518002000,15.6,16.23,15.6,16.2,138667636
857,1570604402000,16.1,16.52,16.02,16.25,131669341
858,1570690802000,16.27,16.27,15.99,16.24,87974662
859,1570777202000,16.2,16.95,16.2,16.81,140542282
860,1571036402000,16.97,17.6,16.92,17.22,155763745
861,1571122802000,17.25,17.35,16.82,17.18,88195542
862,1571209202000,17.26,17.44,16.63,16.79,126767121
863,1571295602000,16.9,17.0,16.55,16.7,112618222
864,1571382002000,16.8,17.04,16.43,16.51,119679914
865,1571641202000,16.43,16.97,16.43,16.89,94595225
866,1571727603000,16.91,16.93,16.03,16.42,188353143
867,1571814003000,16.32,16.67,16.23,16.45,96753459
868,1571900402000,16.5,17.0,16.44,16.87,110921477
869,1571986802000,16.78,16.96,16.58,16.88,69143576
870,1572246002000,16.98,17.04,16.48,16.66,107013113
871,1572332402000,16.69,16.93,16.56,16.91,78886473
872,1572418802000,16.8,16.96,16.42,16.43,85431717
873,1572505202000,16.42,16.47,16.24,16.26,86256930
874,1572591602000,16.35,17.0,16.28,16.86,125465544
875,1572850803000,16.98,17.25,16.77,16.92,88982425
876,1572937202000,16.8,17.44,16.79,17.15,117248589
877,1573023602000,17.06,17.26,16.88,16.96,86332536
878,1573110002000,16.93,17.07,16.75,16.89,71189699
879,1573196402000,16.98,17.02,16.64,16.65,84913924
880,1573455602000,16.5,16.53,16.2,16.28,95351563
881,1573542003000,16.29,16.37,16.16,16.33,51626640
882,1573628402000,16.29,16.46,16.06,16.33,65512065
883,1573714802000,16.43,16.48,16.25,16.32,46889955
884,1573801202000,16.39,16.55,16.24,16.34,56922798
885,1574060402000,16.35,16.55,16.23,16.45,55791841
886,1574146802000,16.45,16.48,16.31,16.41,56212040
887,1574233205000,16.3,16.3,15.77,15.85,172438353
888,1574319602000,15.75,15.87,15.63,15.86,77256324
889,1574406002000,15.89,15.92,15.55,15.59,77347354
890,1574665201000,15.64,15.84,15.54,15.8,78325794
891,1574751602000,15.89,15.89,15.49,15.62,81529753
892,1574838002000,15.64,15.64,15.39,15.47,47616998
893,1574924401000,15.47,15.54,15.44,15.49,37801651
894,1575010802000,15.54,15.55,15.18,15.29,65386691
895,1575270002000,15.35,15.43,15.23,15.36,55387738
896,1575356402000,15.3,15.46,15.21,15.45,45541805
897,1575442802000,15.34,15.41,15.21,15.31,52454527
898,1575529202000,15.35,15.48,15.3,15.43,55708446
899,1575615603000,15.47,15.72,15.46,15.6,71261524
900,1575874802000,15.62,15.62,15.35,15.41,60599289
901,1575961202000,15.36,15.38,15.25,15.33,55638388
902,1576047603000,15.38,15.68,15.3,15.66,87150519
903,1576134002000,15.66,15.67,15.53,15.6,47899882
904,1576220404000,15.85,16.12,15.77,16.12,105310381
905,1576479602000,16.12,16.14,15.87,16.13,78795234
906,1576566002000,16.0,16.63,15.98,16.5,120310490
907,1576652402000,16.43,16.66,16.41,16.46,79709133
908,1576738802000,16.55,16.74,16.44,16.55,67553676
909,1576825202000,16.55,16.68,16.44,16.59,64447838
910,1577084402000,16.68,16.68,16.17,16.24,71579272
911,1577170803000,16.23,16.5,16.23,16.4,45912842
912,1577257202000,16.45,16.56,16.24,16.3,41491798
913,1577343602000,16.34,16.48,16.32,16.47,37203386
914,1577430002000,16.53,16.93,16.43,16.63,104257472
915,1577689202000,16.46,16.63,16.1,16.57,97697031
916,1577775602000,16.57,16.63,16.31,16.45,70444225
917,1577948402000,16.65,16.95,16.55,16.87,153023187
918,1578034802000,16.94,17.31,16.92,17.18,111619481
919,1578294002000,17.01,17.34,16.91,17.07,86208350
920,1578380402000,17.13,17.28,16.95,17.15,72860756
921,1578466803000,17.0,17.05,16.63,16.66,84782412
922,1578553206000,16.81,16.93,16.53,16.79,103163665
923,1578639602000,16.79,16.81,16.52,16.69,58554845
924,1578898802000,16.75,17.03,16.61,16.99,87213336
925,1578985202000,16.99,17.27,16.76,16.76,130449366
926,1579071603000,16.79,16.86,16.45,16.52,85943912
927,1579158002000,16.52,16.57,16.2,16.33,102810467
928,1579244402000,16.38,16.55,16.35,16.39,60543669
929,1579503602000,16.43,16.61,16.35,16.45,74607475
930,1579590002000,16.34,16.34,15.93,16.0,89660310
931,1579676402000,15.92,16.16,15.71,16.09,71946491
932,1579762802000,15.92,15.92,15.39,15.54,110059207
933,1580713203000,13.99,14.7,13.99,13.99,225919483
934,1580799603000,14.05,14.66,14.02,14.6,170617207
935,1580886002000,14.59,14.89,14.32,14.63,149138021
936,1580972403000,14.81,14.87,14.51,14.77,118581572
937,1581058802000,14.6,14.69,14.41,14.62,92485296
938,1581318002000,14.51,14.53,14.3,14.5,133949524
939,1581404402000,14.6,14.94,14.56,14.79,140750744
940,1581490802000,14.79,14.82,14.6,14.77,107050321
941,1581577202000,14.71,14.88,14.61,14.65,101320528
942,1581663602000,14.75,15.14,14.7,15.03,151243473
943,1581922802000,15.04,15.37,14.93,15.37,154369601
944,1582009203000,15.33,15.33,15.01,15.2,97361235
945,1582095604000,15.1,15.37,15.08,15.24,87410693
946,1582182003000,15.27,15.62,15.1,15.59,123544434
947,1582268403000,15.49,15.72,15.45,15.58,99507102
948,1582527603000,15.46,15.46,15.15,15.23,119179450
949,1582614002000,15.0,15.13,14.78,15.04,114457502
950,1582700402000,14.77,15.27,14.7,14.99,117659915
951,1582786803000,14.96,15.15,14.89,15.11,97527090
952,1582873203000,14.85,15.04,14.46,14.5,130064445
953,1583132402000,14.55,14.95,14.46,14.79,111658066
954,1583218803000,14.96,14.99,14.63,14.72,115358432
955,1583305202000,14.68,14.78,14.51,14.69,86259523
956,1583391602000,14.8,15.64,14.73,15.39,268660234
957,1583478002000,15.18,15.27,15.02,15.03,122853103
958,1583737202000,14.71,14.73,14.42,14.45,166579354
959,1583823602000,14.38,14.85,14.38,14.76,116786497
960,1583910003000,14.77,14.88,14.62,14.69,81438164
961,1583996402000,14.65,14.84,14.53,14.68,98649711
962,1584082802000,13.9,14.58,13.9,14.52,116976580
963,1584342002000,14.45,14.46,13.75,13.75,140620218
964,1584428402000,13.75,13.97,13.13,13.41,117784906
965,1584514803000,13.41,13.55,12.65,12.71,138478437
966,1584601202000,12.68,12.74,11.91,12.23,189145713
967,1584687602000,12.4,12.68,12.26,12.52,157835296
968,1584946803000,12.0,12.35,11.93,12.15,107111364
969,1585033202000,12.4,12.68,12.27,12.61,118020026
970,1585119602000,12.88,13.07,12.7,12.87,113695774
971,1585206002000,12.78,13.34,12.72,13.06,107519243
972,1585292403000,13.25,13.38,13.08,13.15,65301888
973,1585551602000,12.85,13.04,12.76,12.94,66173879
974,1585638002000,13.05,13.09,12.78,12.8,51337030
975,1585724403000,12.86,13.13,12.82,12.89,52083604
976,1585810803000,12.75,12.97,12.66,12.97,51836504
977,1585897202000,12.82,12.89,12.55,12.61,82534814
978,1586242802000,12.89,12.94,12.81,12.88,87031371
979,1586329203000,12.88,12.92,12.72,12.78,52871614
980,1586415602000,12.88,12.89,12.72,12.74,40855377
981,1586502002000,12.76,12.98,12.65,12.79,66667495
982,1586761203000,12.67,12.71,12.47,12.59,44621440
983,1586847602000,12.65,12.86,12.57,12.86,68608687
984,1586934003000,12.86,12.93,12.78,12.87,65639640
985,1587020402000,12.79,12.79,12.54,12.68,78915498
986,1587106803000,12.77,13.04,12.65,12.89,133116477
987,1587366003000,12.86,13.05,12.77,12.99,81845583
988,1587452403000,13.3,13.7,13.3,13.45,212244834
989,1587538803000,13.37,13.42,13.16,13.23,103280274
990,1587625202000,13.23,13.31,13.11,13.23,64698963
991,1587711602000,13.17,13.28,13.11,13.24,56600161
992,1587970802000,13.3,13.64,13.25,13.5,93682990
993,1588057202000,13.45,13.56,13.27,13.52,77156417
994,1588143603000,13.48,14.1,13.45,14.02,110872239
995,1588230002000,14.02,14.32,13.88,13.93,81954043
996,1588748402000,13.76,13.89,13.61,13.77,100899802
997,1588834803000,13.76,13.76,13.6,13.69,66274923
998,1588921203000,13.76,14.02,13.68,13.95,93478170
999,1589180403000,13.92,14.13,13.9,14.0,61286229
1000,1589266802000,13.95,14.05,13.72,13.79,55851114
1001,1589353203000,13.75,13.78,13.53,13.63,64035879
1002,1589439602000,13.55,13.59,13.22,13.3,94467209
1003,1589526002000,13.39,13.43,13.14,13.23,75679447
1004,1589785202000,13.2,13.34,13.12,13.2,63720857
1005,1589871603000,13.41,13.45,13.27,13.36,60036864
1006,1589958003000,13.38,13.62,13.27,13.51,69085107
1007,1590044403000,13.52,13.57,13.36,13.4,55231200
1008,1590130803000,13.33,13.34,12.92,12.92,85623733
1009,1590390003000,12.97,12.98,12.76,12.96,41017078
1010,1590476402000,13.02,13.07,12.94,13.04,39621240
1011,1590562803000,13.05,13.19,12.96,13.0,48296294
1012,1590649203000,12.87,13.18,12.81,13.07,96076031
1013,1590735603000,13.01,13.04,12.92,13.0,45780822
1014,1590994802000,13.1,13.39,13.08,13.32,88296055
1015,1591081205000,13.29,13.63,13.28,13.55,88345888
1016,1591167603000,13.64,13.88,13.5,13.54,95680308
1017,1591254002000,13.53,13.64,13.41,13.57,58306633
1018,1591340402000,13.6,13.62,13.43,13.59,38302690
1019,1591599602000,13.68,13.85,13.58,13.62,58597190
1020,1591686002000,13.64,13.73,13.53,13.67,47430007
1021,1591772402000,13.71,13.71,13.4,13.49,58047620
1022,1591858802000,13.38,13.39,13.0,13.08,134903982
1023,1591945202000,12.9,13.02,12.87,12.99,103055057
1024,1592204403000,12.85,12.97,12.8,12.82,66031307
1025,1592290803000,12.9,12.99,12.86,12.89,71805910
1026,1592377202000,12.89,12.92,12.76,12.85,71646824
1027,1592463603000,12.76,12.8,12.59,12.76,111964780
1028,1592550003000,12.73,12.84,12.61,12.8,153952178
1029,1592809203000,12.74,12.76,12.62,12.64,131907979
1030,1592895603000,12.65,12.69,12.52,12.6,99080673
1031,1592982003000,12.64,12.88,12.6,12.8,152322048
1032,1593414002000,12.92,12.97,12.71,12.8,103848006
1033,1593500402000,12.83,12.88,12.72,12.8,93794022
1034,1593586802000,12.79,13.15,12.74,13.12,169739001
1035,1593673202000,13.08,13.49,12.97,13.43,259050119
1036,1593759602000,13.57,14.32,13.56,14.25,376833363
1037,1594018803000,14.6,15.68,14.59,15.68,471146078
1038,1594105203000,16.3,16.63,15.03,15.48,396442747
1039,1594191603000,15.23,16.0,15.23,15.76,263133916
1040,1594278003000,15.66,15.66,15.31,15.53,224399440
1041,1594364402000,15.35,15.48,14.76,14.86,215877326
1042,1594623603000,14.7,15.08,14.5,14.89,193716012
1043,1594710003000,14.9,15.19,14.55,14.68,195356627
1044,1594796402000,14.78,14.86,14.23,14.27,204256283
1045,1594882802000,14.3,14.55,14.12,14.15,193089129
1046,1594969203000,14.17,14.28,13.95,14.14,129134677
1047,1595228403000,14.23,14.77,14.1,14.73,197963200
1048,1595314802000,14.68,14.68,14.4,14.49,125286569
1049,1595401203000,14.49,14.65,14.27,14.41,131295159
1050,1595487603000,14.24,14.29,13.81,14.01,202752587
1051,1595574002000,13.97,13.99,13.42,13.5,183088183
1052,1595833203000,13.67,13.68,13.1,13.24,188065335
1053,1595919602000,13.34,13.43,13.18,13.34,121700599
1054,1596006004000,13.35,13.63,13.21,13.54,151958025
1055,1596092403000,13.5,13.51,13.37,13.37,96406763
1056,1596178803000,13.28,13.53,13.25,13.34,116582191
1057,1596438003000,13.47,13.62,13.43,13.59,144509616
1058,1596524403000,13.66,14.15,13.48,14.04,244566325
1059,1596610803000,13.82,13.85,13.62,13.76,144020313
1060,1596697203000,13.82,13.96,13.65,13.9,135251068
1061,1596783602000,13.8,13.9,13.62,13.7,98867837
1062,1597042803000,13.67,14.02,13.62,13.95,158771035
1063,1597129202000,13.97,14.66,13.97,14.13,260330789
1064,1597215603000,14.21,14.5,14.15,14.38,159681170
1065,1597302002000,14.4,14.46,14.14,14.18,83726175
1066,1597388402000,14.1,14.51,14.06,14.47,110321582
1067,1597647604000,14.6,15.35,14.55,15.19,326802780
1068,1597734004000,15.2,15.3,14.91,15.15,135026107
1069,1597820404000,15.11,15.35,14.96,15.1,142092811
1070,1597906802000,15.01,15.14,14.53,14.59,133380162
1071,1597993202000,14.71,14.71,14.32,14.45,123451733
1072,1598252402000,14.5,14.71,14.41,14.46,91944886
1073,1598338803000,14.56,14.69,14.46,14.6,74832022
1074,1598425204000,14.6,14.61,14.28,14.37,73411772
1075,1598511603000,14.4,14.46,14.11,14.46,62666677
1076,1598598002000,14.26,15.18,14.26,15.13,241040002
1077,1598857203000,15.3,15.68,14.99,15.08,179712954
1078,1598943602000,14.96,15.23,14.88,15.14,81364258
1079,1599030002000,15.01,15.53,15.01,15.32,167938297
1080,1599116403000,15.32,15.33,14.84,14.9,127984159
1081,1599202802000,14.73,15.06,14.6,14.96,90988999
1082,1599462002000,14.88,15.24,14.83,14.94,103137681
1083,1599548402000,15.0,15.43,15.0,15.43,140760166
1084,1599634802000,15.26,15.56,15.13,15.21,101357247
1085,1599721202000,15.32,15.48,15.2,15.34,95709239
1086,1599807602000,15.18,15.3,14.82,15.01,95423625
1087,1600066803000,15.01,15.3,14.92,15.3,68025105
1088,1600153202000,15.2,15.48,15.15,15.35,65713267
1089,1600239602000,15.32,15.54,15.21,15.44,72241475
1090,1600326004000,15.54,15.72,15.4,15.57,98821563
1091,1600412403000,15.62,16.09,15.52,16.07,137319330
1092,1600671602000,16.0,16.05,15.71,15.86,89616165
1093,1600758002000,15.67,15.84,15.39,15.57,86775631
1094,1600844403000,15.59,15.83,15.51,15.63,59920047
1095,1600930802000,15.59,15.61,15.12,15.12,106101124
1096,1601017202000,15.2,15.31,15.11,15.19,61408700
1097,1601276403000,15.19,15.37,14.98,15.31,61271111
1098,1601362802000,15.39,15.41,14.76,14.8,118237440
1099,1601449204000,14.8,15.27,14.8,15.17,121706482
1100,1602226802000,15.3,15.55,15.13,15.18,90042593
1101,1602486002000,15.22,16.05,15.21,15.9,159134715
1102,1602572402000,15.9,16.11,15.77,16.06,90881948
1103,1602658802000,16.04,16.12,15.8,16.03,66256236
1104,1602745203000,16.2,16.92,16.15,16.56,160006232
1105,1602831603000,16.56,17.37,16.54,17.1,209561419
1106,1603090803000,17.3,18.1,17.3,17.48,201610552
1107,1603177202000,17.48,17.6,17.25,17.54,96007195
1108,1603263603000,17.64,18.0,17.33,17.91,124456018
1109,1603350002000,17.94,18.5,17.3,17.56,189051905
1110,1603436403000,17.53,18.78,17.53,18.13,169850168
1111,1603695602000,18.2,18.29,17.45,17.7,117559865
1112,1603782004000,18.0,18.0,17.5,17.76,103486504
1113,1603868402000,17.76,17.9,17.29,17.63,120582386
1114,1603954803000,17.54,17.93,17.35,17.77,84660362
1115,1604041202000,17.74,18.36,17.6,17.75,100780383
1116,1604300403000,17.65,18.05,17.33,17.63,96845277
1117,1604386802000,17.71,18.34,17.7,17.96,95786863
1118,1604473202000,18.35,18.48,17.96,18.32,124763640
1119,1604559602000,18.37,18.5,17.54,17.7,142946944
1120,1604646003000,17.71,17.75,17.22,17.64,84878153
1121,1604905202000,17.67,18.0,17.54,17.84,95142432
1122,1604991602000,18.0,18.5,17.93,18.11,102106281
1123,1605078002000,18.2,18.3,17.6,17.81,94013007
1124,1605164403000,17.81,17.94,17.45,17.66,67725848
1125,1605250803000,17.42,17.47,16.69,17.18,128918923
1126,1605510002000,17.08,17.43,16.9,17.37,75985693
1127,1605596403000,17.38,17.93,17.25,17.83,85293051
1128,1605682802000,17.78,18.5,17.75,18.46,137340072
1129,1605769203000,18.59,18.98,18.3,18.85,121174062
1130,1605855603000,18.83,18.99,18.52,18.86,67391922
1131,1606114802000,18.85,19.62,18.8,19.62,116585826
1132,1606201202000,19.62,19.68,19.17,19.36,67854323
1133,1606287602000,19.48,19.7,19.05,19.06,55258501
1134,1606374002000,19.05,19.61,19.03,19.5,63965789
1135,1606460402000,20.0,20.0,19.38,19.7,75377374
1136,1606719602000,19.9,20.88,19.59,19.74,158144128
1137,1606806002000,19.7,20.51,19.4,20.05,126371975
1138,1606892403000,19.93,20.06,19.52,19.63,88938529
1139,1606978803000,19.78,19.86,19.17,19.54,71445230
1140,1607065202000,19.47,19.47,18.97,19.3,89134784
1141,1607324403000,19.31,19.39,18.68,18.91,87380661
1142,1607410802000,18.92,19.03,18.53,18.71,71964751
1143,1607497204000,18.79,19.05,18.68,18.71,67722115
1144,1607583602000,18.73,18.88,18.45,18.65,60786655
1145,1607670002000,18.71,18.8,18.22,18.52,88779387
1146,1607929202000,18.6,19.06,18.5,18.88,83599174
1147,1608015603000,18.8,18.85,18.15,18.74,78885794
1148,1608102002000,18.8,19.1,18.58,19.01,68907042
1149,1608188403000,18.91,19.07,18.6,18.95,68614069
1150,1608274802000,19.0,19.1,18.23,18.36,105875636
1151,1608534002000,18.3,18.64,18.03,18.28,90687811
1152,1608620402000,18.36,18.65,17.88,17.9,102873751
1153,1608706802000,17.96,18.07,17.79,18.0,75008273
1154,1608793205000,18.15,18.49,18.05,18.26,63295012
1155,1608879602000,18.26,18.26,17.8,18.04,57707733
1156,1609138802000,18.02,18.86,17.96,18.85,127033706
1157,1609225203000,18.87,19.3,18.7,19.17,96309223
1158,1609311602000,19.0,19.2,18.72,19.2,97849778
1159,1609398002000,19.21,19.58,19.02,19.34,92450343
1160,1609743602000,19.1,19.1,18.44,18.6,155421643
1161,1609830002000,18.4,18.48,17.8,18.17,182135210
1162,1609916402000,18.08,19.56,18.0,19.56,193494512
1163,1610002803000,19.52,19.98,19.23,19.9,158418530
1164,1610089202000,19.9,20.1,19.31,19.85,119547322
1165,1610348403000,20.0,20.64,20.0,20.38,179045714
1166,1610434803000,20.39,21.0,20.18,21.0,128816550
1167,1610521202000,21.0,21.01,20.4,20.7,104911973
1168,1610607603000,20.68,20.89,19.95,20.17,113015562
1169,1610694003000,21.0,21.95,20.82,21.0,248068898
1170,1610953202000,21.2,22.78,21.2,22.7,215730178
1171,1611039603000,22.51,22.84,22.05,22.34,124208834
1172,1611126002000,22.15,22.97,22.12,22.47,128079316
1173,1611212403000,22.5,22.8,22.15,22.23,94477860
1174,1611298802000,22.23,22.23,21.51,22.03,92443442
1175,1611558002000,21.72,22.6,21.43,22.49,102836527
1176,1611644402000,22.3,23.32,22.3,22.37,112672055
1177,1611730803000,22.31,23.47,22.31,23.08,129415272
1178,1611817202000,22.78,23.18,22.45,22.81,85747696
1179,1611903602000,22.81,23.54,22.71,23.09,124025841
1180,1612162803000,23.0,24.99,22.7,24.55,147523930
1181,1612249202000,23.38,24.1,22.91,23.28,241616877
1182,1612335602000,23.48,25.18,23.38,24.95,192327159
1183,1612422002000,24.18,25.24,24.04,24.6,125524750
1184,1612508402000,24.6,25.31,24.27,24.93,101557559
1185,1612767603000,24.9,24.9,24.1,24.8,108426467
1186,1612854002000,24.79,24.84,24.17,24.58,94209355
1187,1612940403000,24.6,24.96,23.38,23.82,191886710
1188,1613631603000,24.0,24.55,23.48,24.3,150523081
1189,1613718003000,23.96,24.19,23.57,23.85,92258314
1190,1613977203000,23.8,23.8,22.26,22.38,195684248
1191,1614063605000,22.38,22.68,21.82,21.93,187046013
1192,1614150002000,22.27,22.28,21.56,22.16,142849985
1193,1614236402000,22.4,22.56,21.68,22.09,159340347
1194,1614322802000,21.6,21.96,21.21,21.38,112497730
1195,1614582002000,21.54,21.68,21.18,21.45,112538653
1196,1614668402000,21.62,22.15,21.26,21.65,147342505
1197,1614754803000,21.58,23.08,21.46,23.01,191963527
1198,1614841203000,22.77,23.49,22.65,22.92,121357937
1199,1614927602000,22.7,22.98,21.86,22.34,88017141
1200,1615186803000,22.44,22.69,21.48,21.6,99377397
1201,1615273202000,21.68,21.92,20.58,20.85,136189533
1202,1615359604000,20.84,20.91,20.28,20.4,114941657
1203,1615446002000,20.58,21.38,20.56,21.27,104865939
1204,1615532403000,21.37,21.7,21.2,21.48,69720060
1205,1615791603000,21.4,22.12,21.11,21.6,95874870
1206,1615878002000,21.6,22.11,21.27,21.66,93968432
1207,1615964402000,21.45,21.55,20.9,21.2,82148865
1208,1616050803000,21.3,21.73,21.0,21.73,69161019
1209,1616137203000,21.53,21.65,20.37,20.47,152562227
1210,1616396402000,20.55,21.55,20.53,21.55,145119008
1211,1616482803000,21.57,21.65,20.96,21.23,68290338
1212,1616569203000,21.21,21.28,20.45,20.53,85008507
1213,1616655603000,20.58,20.83,20.4,20.75,49266574
1214,1616742002000,20.84,21.4,20.76,21.14,82210806
1215,1617001202000,21.28,21.65,21.2,21.49,78566668
1216,1617087602000,21.38,21.93,21.21,21.93,73865481
1217,1617174900000,21.77,22.07,21.6,22.01,77702807
